;Tweets;len;ID;Created;Source;Likes;RTs
0;Nama-nama seperti Tulus, The Jansen, Danilla, hingga Perunggu yang masuk daftar ini, membuktikan sepanjang 2022 ban‚Ä¶ https://t.co/3zCuUK9oIF;140;1608801023598161920;2022-12-30 12:23:48+00:00;Twitter for iPhone;42;7
1;Menurut lelaki yang nge-admin akun OnlyFans, para model bisa saja mengelola akun mereka sendiri, tapi mereka mungki‚Ä¶ https://t.co/qRLYGGNAfi;140;1608779998713765891;2022-12-30 11:00:16+00:00;SocialFlow;9;3
2;Terima kasih akun-akun yang rajin nge-share foto kucing dan anjing menggemaskan. Kalian membantu banyak orang tetap‚Ä¶ https://t.co/h8tnhQQe3t;140;1608764878487015424;2022-12-30 10:00:11+00:00;SocialFlow;48;11
3;Kisah inspiratif kali ini hadir dari nelayan Tehoru, di Seram, Maluku Tengah. Mereka spesialis penangkap tuna secar‚Ä¶ https://t.co/DwKXLRWl5r;140;1608749755693154305;2022-12-30 09:00:05+00:00;SocialFlow;103;21
4;Akibat pandemi, para remaja bosan Indonesia mengadakan balapan lari liar di jalanan. Balapan ini menjadi cukup mere‚Ä¶ https://t.co/W12DtW8f5r;140;1608736877229514754;2022-12-30 08:08:55+00:00;SocialFlow;15;2
5;Pameran di Kyoto, Jepang, menyuguhkan proyek foto mendiang Masahisa Fukase. Sang fotografer sangat ingin jadi kucin‚Ä¶ https://t.co/oTq1gnocvI;140;1608734698838102017;2022-12-30 08:00:15+00:00;SocialFlow;9;1
6;Perilaku seks sampai mati ternyata merupakan hal biasa di kalangan kaluta jantan yang masih termasuk keluarga marsu‚Ä¶ https://t.co/mFLC3GxSHh;140;1608719607979806722;2022-12-30 07:00:17+00:00;SocialFlow;20;5
7;Tak jarang orang terkejut melihat sifat asli pasangan begitu tinggal bareng. Psikolog memberi tips agar kita tak ke‚Ä¶ https://t.co/VXy7bZWBUt;140;1608704518354604033;2022-12-30 06:00:20+00:00;SocialFlow;86;16
8;Mamalia selain manusia, berdasar kesimpulan riset dari Jepang ini, ternyata bisa juga menangis karena emosi yang me‚Ä¶ https://t.co/EudKdpvtZY;140;1608689398534602752;2022-12-30 05:00:15+00:00;SocialFlow;21;3
9;Aku bertanya ke peneliti dan psikolog, kenapa banyak orang tidak ragu mengemis foto binatang peliharaan imut sama n‚Ä¶ https://t.co/kdYY6n95yp;140;1608659213936480256;2022-12-30 03:00:18+00:00;SocialFlow;9;0
10;2022 dipenuhi dengan berbagai trend. Menurut kamu yang mana yang paling basi? ü´¢;79;1608598800884531200;2022-12-29 23:00:15+00:00;SocialFlow;12;0
11;Apa saja 4 momen paling berkesan di tahun ini buat kamu?;56;1608493109922627584;2022-12-29 16:00:16+00:00;SocialFlow;13;2
12;Kata pakar percintaan, orang yang selingkuh pasti merasa bersalah dan tak bermaksud melukai perasaan pasangan. Tapi‚Ä¶ https://t.co/8aAoe6lbwg;140;1608478024546009088;2022-12-29 15:00:19+00:00;SocialFlow;12;2
13;Ilmuwan menemukan perilaku unik kumbang gurun jantan menggosok organ mulut pada alat kelamin betina, agar dapat men‚Ä¶ https://t.co/2uN6PCQ4Ti;140;1608462912561061893;2022-12-29 14:00:16+00:00;SocialFlow;23;1
14;Ide Kemenhub membedakan tarif KRL sesuai data warga kaya-miskin Jabodetabek dikritik pengamat transportasi umum. Pe‚Ä¶ https://t.co/RvGrRXfrSQ;140;1608432710044844032;2022-12-29 12:00:15+00:00;SocialFlow;223;48
15;Ide Kemenhub membedakan tarif KRL sesuai data warga kaya-miskin Jabodetabek dikritik pengamat transportasi umum. Pe‚Ä¶ https://t.co/9Wvj83FQiY;140;1608417723838611459;2022-12-29 11:00:42+00:00;SocialFlow;27;5
16;Banyak hal telah terjadi sepanjang tahun ini, dari perang Rusia-Ukraina hingga Tragedi Kanjuruhan. Berikut kilas ba‚Ä¶ https://t.co/8zttYOC7RD;140;1608402483071557633;2022-12-29 10:00:09+00:00;SocialFlow;18;6
17;Masih ingat ‚ÄòHarlem Shake‚Äô? Tren ini pernah mengguncang jagat internet jauh sebelum tren joget TikTok. Cerita tren‚Ä¶ https://t.co/mEB49ERD4v;139;1608391148627787776;2022-12-29 09:15:06+00:00;SocialFlow;75;9
18;Tim VICE mengunjungi Todos Santos di Guatemala berpesta semingguan penuh mengikuti perayaan warga setempat, menyaks‚Ä¶ https://t.co/rZAxviEdtM;140;1608376284756807681;2022-12-29 08:16:03+00:00;SocialFlow;14;0
19;Kebanyakan korban tewas akibat tergelincir selama badai salju terparah menghantam Jepang menjelang akhir 2022.‚Ä¶ https://t.co/AaCBMhWqD5;135;1608342092169756672;2022-12-29 06:00:10+00:00;SocialFlow;153;31
20;"""Aku pernah beberapa minggu cuma makan mi instan supaya bisa menabung uang."" https://t.co/2EEPfLXXOv";100;1608327010077773824;2022-12-29 05:00:15+00:00;SocialFlow;12;3
21;Bagaimana caranya supaya pasangan kalian mengerti pentingnya menghemat uang? Begini saran dari pakar keuangan. https://t.co/b21yjiIjOC;134;1608296825706119168;2022-12-29 03:00:18+00:00;SocialFlow;12;5
22;Kemarin kan udah musik, coba sekarang share series atau film terbaik di 2022 versi kalian üéûÔ∏èüçøüëÄ;94;1608130712745525249;2022-12-28 16:00:14+00:00;SocialFlow;20;2
23;Bocoran nih, AI bisa suntuk dan depresi kalau mereka punya sistem yang berfungsi seperti serotonin dalam tubuh manu‚Ä¶ https://t.co/507jUvJefx;140;1608115666317369344;2022-12-28 15:00:26+00:00;SocialFlow;10;4
24;Kayak 19 tahun keliling Indonesia dengan jalan kaki. Ini dia makna 'bermodal dengkul' dan ‚Äòtua di jalan‚Äô yang sesun‚Ä¶ https://t.co/ntajvgSc8w;140;1608100556970639362;2022-12-28 14:00:24+00:00;SocialFlow;13;4
25;Luhut Binsar Pandjaitan menilai seringnya OTT tersangka korupsi di Indonesia bukan hal bagus. Menurutnya, di negara‚Ä¶ https://t.co/MBNb8KuuGI;140;1608080679916404736;2022-12-28 12:41:25+00:00;SocialFlow;156;15
26;Tak jarang orang terkejut melihat sifat asli pasangan begitu tinggal bareng. Psikolog memberi tips agar kita tak ke‚Ä¶ https://t.co/7KAWlOP1nA;140;1608040073446002689;2022-12-28 10:00:04+00:00;SocialFlow;54;13
27;Belajar main musik memang ribet. David Tarigan, seorang musisi dan pengarsip musik, juga merasakan hal yang sama. D‚Ä¶ https://t.co/uVrWcC8QfV;140;1608024982105251840;2022-12-28 09:00:06+00:00;SocialFlow;57;10
28;Kebanyakan korban tewas akibat tergelincir selama badai salju terparah menghantam Jepang menjelang akhir 2022. https://t.co/PA6M0CGUqO;134;1607994783808487428;2022-12-28 07:00:06+00:00;SocialFlow;37;4
29;‚ÄúSeks bukanlah segala-galanya bagi kami. Yang terpenting, kami bisa berpelukan tanpa perlu khawatir diperhatikan si‚Ä¶ https://t.co/NNftvZ6AQz;140;1607979718283874304;2022-12-28 06:00:14+00:00;SocialFlow;162;23
30;Bagi para pelancong solo ini, jalan-jalan sendiri adalah upaya mengenal diri dan sekitar lebih dalam lagi. https://t.co/VLdeviCcSa;130;1607964608962207744;2022-12-28 05:00:11+00:00;SocialFlow;29;10
31;Kalian mau liburan? Enggak perlu menunggu ada teman barengan atau ikut tur bersama grup. Pergilah sendiri, dan buka‚Ä¶ https://t.co/Jo7XFSso2J;140;1607934420064866305;2022-12-28 03:00:14+00:00;SocialFlow;17;7
32;Bagi yang akan melakukan perjalanan antar kota atau negara menjelang tahun baru, take care and safe travels ya ü§ó;112;1607874048981082112;2022-12-27 23:00:20+00:00;SocialFlow;32;3
33;Bagi playlist atau album yang paling kalian suka di tahun ini dong!;67;1607768357989662721;2022-12-27 16:00:22+00:00;SocialFlow;50;6
34;Membuat daftar aktivitas yang bikin aku semangat lebih efektif mengurangi kecemasanku setelah tahun baru. https://t.co/TjYPDJDKCG;129;1607753255425118208;2022-12-27 15:00:21+00:00;SocialFlow;9;1
35;Langkah pertama, pahami dulu apa sebenarnya yang disebut 'anxiety'. https://t.co/EvzKzp0EEv;91;1607738145977602048;2022-12-27 14:00:18+00:00;SocialFlow;46;7
36;Apakah privasi pegawai warung makan, burjo, atau toko kelontong yang buka 24 jam terganggu? Ternyata, ada trik-trik‚Ä¶ https://t.co/J1SNa7zQep;140;1607707916173250560;2022-12-27 12:00:11+00:00;SocialFlow;8510;1197
37;Apakah privasi pegawai warung makan, burjo, atau toko kelontong yang buka 24 jam terganggu? Ternyata, ada trik-trik‚Ä¶ https://t.co/YsYgqf9YTF;140;1607677726739021824;2022-12-27 10:00:13+00:00;SocialFlow;194;44
38;Ada stigma yang melekat pada perempuan yang menjalin hubungan asmara dengan lelaki lebih muda. Mereka dicap aneh, b‚Ä¶ https://t.co/KnV1OF4qa4;140;1607662616666595328;2022-12-27 09:00:11+00:00;SocialFlow;83;13
39;Tiga orang dominatrix itu menghadiri rapat pemkot di Florida, Amerika Serikat, sekaligus untuk mempromosikan klub m‚Ä¶ https://t.co/k4dmAcE7Tj;140;1607647494044778497;2022-12-27 08:00:05+00:00;SocialFlow;15;1
40;Ada stigma yang melekat pada perempuan yang menjalin hubungan asmara dengan lelaki lebih muda. Mereka dicap aneh, b‚Ä¶ https://t.co/WeoriWJpNV;140;1607632378150658049;2022-12-27 07:00:01+00:00;SocialFlow;30;5
41;Penelitian terbaru menyimpulkan perempuan yang sudah berkeluarga malas berhubungan intim karena capek mengurus pasa‚Ä¶ https://t.co/JCD2FtKl1S;140;1607617297887203328;2022-12-27 06:00:06+00:00;SocialFlow;255;50
42;"Netizen pernah menyebut oleh-oleh khas Jakarta adalah ""uang"". VICE tertarik bertanya pada warga Jakarta, mencari ta‚Ä¶ https://t.co/PYD72vSMXj";140;1607602224573677570;2022-12-27 05:00:12+00:00;SocialFlow;47;7
43;"""Pulau Surga"" di Filipina ini dianggap paling banyak menyimpan keindahan alam yang seakan tak ada habisnya, dalam v‚Ä¶ https://t.co/rUIcBH1D1l";140;1607572034401230850;2022-12-27 03:00:14+00:00;SocialFlow;26;5
44;Boleh nih mulai susun resolusi tahun baru. Walaupun hidup ada-ada aja, tidak ada salahnya untuk menyiapkan rencana.;115;1607511617897472000;2022-12-26 23:00:10+00:00;SocialFlow;32;10
45;Mendekati akhir tahun, kamu tipe yang lebih suka refleksi kembali atau berfokus pada resolusi baru?;99;1607405973710290947;2022-12-26 16:00:22+00:00;SocialFlow;19;0
46;Fotografer Hanne Van Assche memotret keseharian kota Udachny di Rusia, yang suhunya bisa minus 43 derajat tapi pend‚Ä¶ https://t.co/aYEJj3WZPs;140;1607390859397414912;2022-12-26 15:00:19+00:00;SocialFlow;14;2
47;Seksolog membeberkan aspek psikologis dari naiknya hasrat punya pacar, cuddling, dan tentu saja bercinta ketika sed‚Ä¶ https://t.co/INPMOjxoqq;140;1607375779867901956;2022-12-26 14:00:24+00:00;SocialFlow;36;6
48;Algoritma TikTok dituding sangat cepat merekomendasikan video-video yang dapat membahayakan keselamatan remaja. Kon‚Ä¶ https://t.co/l7ht6MAxk5;140;1607345525078069248;2022-12-26 12:00:10+00:00;SocialFlow;50;12
49;Memasuki pergantian tahun, kebanyakan orang dihadapkan pada realitas hidup masing-masing sehingga malam tahun baru‚Ä¶ https://t.co/e1DvpSGNHF;139;1607330406424010753;2022-12-26 11:00:06+00:00;SocialFlow;42;5
50;Tak sedikit orang kecewa ketika resolusi tahun baru gagal terlaksana. Bagaimana kalau kita sengaja melanggar semuan‚Ä¶ https://t.co/dTJp4UBfum;140;1607315316517871616;2022-12-26 10:00:08+00:00;SocialFlow;4;2
51;Hasil survei lapangan terbaru menyingkap ribuan permukiman milik suku Maya yang hidup di Guatemala sekitar 2.000 ta‚Ä¶ https://t.co/oFepE0ZDme;140;1607300242889707520;2022-12-26 09:00:14+00:00;SocialFlow;105;15
52;Waktu tidur kita seringkali berantakan akibat terlalu lama mantengin layar ponsel, atau tidak segera menyelesaikan‚Ä¶ https://t.co/pxJjyicW4P;139;1607285115704467456;2022-12-26 08:00:08+00:00;SocialFlow;13;1
53;Polisi di Maharashtra berhasil melacak keberadaan tersangka pembunuhan yang sudah puluhan tahun bersembunyi, berkat‚Ä¶ https://t.co/RH2HLquGMx;140;1607270034572713985;2022-12-26 07:00:12+00:00;SocialFlow;63;10
54;Jumlah korban dari dugaan pelecehan seksual oleh dosen Universitas Andalas bertambah menjadi delapan. Ada yang samp‚Ä¶ https://t.co/eGwNorpiFi;140;1607254911661789190;2022-12-26 06:00:06+00:00;SocialFlow;650;225
55;Masakan khas Jepang dan Korea itu ternyata enggak susah bikinnya. Kalau bosan makan mi instan dan pengin masak send‚Ä¶ https://t.co/EzK2QDyVxs;140;1607239826067046401;2022-12-26 05:00:10+00:00;SocialFlow;5;1
56;Dopamin adalah elemen terpenting bagi Silicon Valley untuk menciptakan kebahagiaan semu, yang sebenarnya hanya meny‚Ä¶ https://t.co/d8iUAWtcKQ;140;1607209634837700608;2022-12-26 03:00:12+00:00;SocialFlow;31;8
57;Gimana kemarin pas weekend? Semangat ya hari Senin-nya. Last week of the year nih!;82;1607149282578108421;2022-12-25 23:00:23+00:00;SocialFlow;27;0
58;Bagaimana rasanya merayakan Natal tahun ini buat kalian?;56;1607043571810435074;2022-12-25 16:00:19+00:00;SocialFlow;13;0
59;Serius lho, enam film lokal yang keren ini justru pas sekali ditonton pada momen Natal. Apalagi, kalau kalian sedan‚Ä¶ https://t.co/MJwqbJKSD7;140;1607028479102517249;2022-12-25 15:00:21+00:00;SocialFlow;3;0
60;Membakar seseorang atau melempari kepalanya pakai batu bata, seperti dilakukan karakter Kevin, merupakan resep suks‚Ä¶ https://t.co/S3B5u1Aifr;140;1607013392878899202;2022-12-25 14:00:24+00:00;SocialFlow;5;0
61;Christian membantu lebih dari 220 orang menemukan keluarga untuk menghabiskan liburan Natal bersama. https://t.co/q3DopCh8tx;124;1606983142228860930;2022-12-25 12:00:12+00:00;SocialFlow;6;0
62;"Berikut adalah esai reflektif soal Natal dari Rifqi Fairuz. ""Kalaupun dengan mengucapkan Natal secara otomatis kelu‚Ä¶ https://t.co/ejlUBehJMS";140;1606968072174182400;2022-12-25 11:00:19+00:00;SocialFlow;67;16
63;Seringnya sentimentil berlebihan, kacrut, dan ceritanya enggak masuk akal. 'Home Alone' pengecualian lah (walaupun‚Ä¶ https://t.co/UyWnoaAZRS;139;1606952944389300226;2022-12-25 10:00:12+00:00;SocialFlow;148;5
64;Muhammad Wasroni adalah anggota Banser yang sejak 2008 tak pernah absen terlibat pengamanan perayaan hari besar uma‚Ä¶ https://t.co/iOeXpjXJDQ;140;1606937855191912449;2022-12-25 09:00:14+00:00;SocialFlow;16;2
65;Koleksi foto ini diterbitkan dalam rangka mencari fotografer terbaik yang mengabadikan Northern Lights setiap tahun‚Ä¶ https://t.co/FW24moRCwM;140;1606922775721132032;2022-12-25 08:00:19+00:00;SocialFlow;385;70
66;Yang bagus dipilih, tapi bagi kebanyakan pohon, nasibnya akan berakhir kelam, sama seperti kita manusia. https://t.co/U8NLIHNPlm;128;1606907660259004416;2022-12-25 07:00:15+00:00;SocialFlow;31;4
67;Presiden Liberia George Weah tak ngantor nyaris dua bulan alasannya kunker ke luar negeri. Namun dia kepergok menon‚Ä¶ https://t.co/RfPWSfH2LQ;140;1606892551079972864;2022-12-25 06:00:13+00:00;SocialFlow;261;21
68;Bagiku, dedikasi merayakan Natal tak boleh setengah-setengah. Sebisa mungkin mirip bule di lagu 'The 12 Days of Chr‚Ä¶ https://t.co/M5MGkNMBGD;140;1606877435915542529;2022-12-25 05:00:09+00:00;SocialFlow;6;3
69;Ada banyak sekali keluarga yang terdiri dari ayah, ibu, atau anak berbeda agama. Bagaimana mereka merayakan Natal d‚Ä¶ https://t.co/pTRM6hBjcn;140;1606847238562615296;2022-12-25 03:00:10+00:00;SocialFlow;54;11
70;Selamat hari Natal semuanya!;28;1606786893139640325;2022-12-24 23:00:22+00:00;SocialFlow;9;5
71;Film bertema Natal favorit kalian apa?;38;1606681168291794946;2022-12-24 16:00:15+00:00;SocialFlow;26;4
72;Kenapa juga suasana natal harus dinodai dengan film-film pembunuhan? https://t.co/CVCX0C4ZDE;92;1606666108714508289;2022-12-24 15:00:25+00:00;SocialFlow;10;1
73;Dia juga doyan menculik anak-anak yang bandel. Kendati begitu, niat Perchta sejatinya baik: ingin memastikan tradis‚Ä¶ https://t.co/zpIoyfi96P;140;1606650989209161732;2022-12-24 14:00:20+00:00;SocialFlow;14;1
74;Robert Johansen, pemilik pabrik bir di pulau terpencil Norwegia ini, cuma iseng-iseng doang lho. Mantab... https://t.co/ayDHe54Had;130;1606620763351646210;2022-12-24 12:00:14+00:00;SocialFlow;11;1
75;Semoga masuk akal dan bisa diterima. Selamat natal btw :) https://t.co/SI5RFTz0bV;81;1606605670190546947;2022-12-24 11:00:15+00:00;SocialFlow;25;4
76;Kroni presiden Suriah Bashar al-Assad turun tangan dalam produksi dan penyelundupan obat sintetis captagon. Industr‚Ä¶ https://t.co/G3PEszW2sx;140;1606590590594039808;2022-12-24 10:00:20+00:00;SocialFlow;358;41
77;Alih-alih mendapat pujian, kepolisian Filipina justru dikritik karena prank-nya ‚Äúga lucu‚Äù. https://t.co/kb02UvtrPi;114;1606575473588314115;2022-12-24 09:00:16+00:00;SocialFlow;21;2
78;Gereja Ganjuran di Bantul, Yogyakarta, terkenal berkat arsitektur khas Jawa di seluruh tempat peribadatannya. Sosok‚Ä¶ https://t.co/kZ1ALLOqPl;140;1606560386362253314;2022-12-24 08:00:19+00:00;SocialFlow;1292;264
79;"""Patung nagamu cocoknya buat Halloween saja, bukan untuk natal,"" kata tetangga yang mengira perempuan yang pasang n‚Ä¶ https://t.co/KcCg2KxqIE";140;1606545270292062209;2022-12-24 07:00:15+00:00;SocialFlow;8;0
80;Ratusan motif kuno raksasa berjuluk Garis Nazca ini menggambarkan manusia, burung, orca hingga kucing. Siapa masyar‚Ä¶ https://t.co/F7IfIblApR;140;1606530145216520193;2022-12-24 06:00:09+00:00;SocialFlow;102;7
81;Sejak lama kita berasumsi konsumsi alkohol populer karena bikin tubuh hangat, tapi tak ada landasan ilmiahnya. Siap‚Ä¶ https://t.co/6pH0g4z6Y7;140;1606515048737906690;2022-12-24 05:00:09+00:00;SocialFlow;86;11
82;Pusing karena rencana jalan-jalan akhir tahun batal semua? Jangan takut, jangan khawatir. Tips yang sudah dijajal a‚Ä¶ https://t.co/7oQ4TNowLp;140;1606484882355544067;2022-12-24 03:00:17+00:00;SocialFlow;12;0
83;Buat kalian yang merayakan Natal dengan siapapun, biasanya ada tradisi apa aja?;79;1606318829184892930;2022-12-23 16:00:27+00:00;SocialFlow;13;0
84;Setelah pertama kali rilis pada 1998, baru di tahun 2020 game tersebut diterjemahkan ke Bahasa Inggris https://t.co/bW1S7Lcpdz;126;1606303713009729540;2022-12-23 15:00:23+00:00;SocialFlow;24;3
85;Keracunan jamur kemungkinan menjadi penyebab kejadian aneh tapi nyata di Prancis itu. https://t.co/y55LjGw4ln;109;1606288599330263043;2022-12-23 14:00:20+00:00;SocialFlow;21;2
86;Berbeda dari ghosting, pasangan yang melakukan ‚Äúquiet dumping‚Äù masih muncul dalam hidupmu, tapi mereka tidak serius‚Ä¶ https://t.co/VpDXUV5Ctk;140;1606258406964269057;2022-12-23 12:00:21+00:00;SocialFlow;48;6
87;Ilmuwan menemukan orang yang pernah mati suri atau mengonsumsi psikedelik seperti jamur tahi, cenderung bakal menyi‚Ä¶ https://t.co/8ZX8j9khsL;140;1606243265417732096;2022-12-23 11:00:11+00:00;SocialFlow;209;61
88;Ilmuwan Universitas Kyoto melakukan improvisasi terhadap teknik penyuntingan gen CRISPR pada kecoak. Harapannya, mo‚Ä¶ https://t.co/PcwFiMe0M5;140;1606228166074327041;2022-12-23 10:00:11+00:00;SocialFlow;8;1
89;"Kim Yo-jong menyamakan para pengamat internasional yang mengkritik satelit mata-mata ciptaan Korea Utara sebagai ""a‚Ä¶ https://t.co/rIhp1LrmF7";140;1606213101472436224;2022-12-23 09:00:20+00:00;SocialFlow;63;5
90;Peramban yang leletnya legendaris ini akhirnya tutup usia. Pernah sangat jaya, belakangan Internet Explorer cuma be‚Ä¶ https://t.co/kWLNrBGJ3P;140;1606197983971643398;2022-12-23 08:00:15+00:00;SocialFlow;24;6
91;Karyawan IT di Pemkot mentransfer data seluruh penduduk kota Amagasaki ke USB yang hilang di jalan. Data pajak ratu‚Ä¶ https://t.co/v5YnLCsJuN;140;1606182900986150913;2022-12-23 07:00:19+00:00;SocialFlow;70;12
92;Aku sering dicap pemalas oleh guru, padahal aslinya aku susah fokus karena belajar di sekolah membosankan. Aku baru‚Ä¶ https://t.co/r6YbxKOt0K;140;1606167780922990592;2022-12-23 06:00:14+00:00;SocialFlow;128;23
93;Ayahku tewas dibunuh, tapi dia sempat aktif memakai internet pada masa 1990-an. Dengan menelusuri jejaknya dari era‚Ä¶ https://t.co/UhM31aYHwy;140;1606152707252830209;2022-12-23 05:00:20+00:00;SocialFlow;34;4
94;Tak peduli sama isu perubahan iklim? Kalian sekarang wajib peduli. Ponsel pintar kalian bisa enggak ada gunanya ket‚Ä¶ https://t.co/8mTuJy9g0v;140;1606122483127668736;2022-12-23 03:00:14+00:00;SocialFlow;24;8
95;Cuaca lagi kurang baik nih. Kabar kamu gimana? Jaga kesehatan ya.;65;1606062111326539776;2022-12-22 23:00:21+00:00;SocialFlow;50;13
96;Natal menjadi salah satu hari raya yang paling meriah dirayakan. Namun, banyak juga yang merasa kesepian karena ber‚Ä¶ https://t.co/OwvK6nuyXQ;140;1605956419169181697;2022-12-22 16:00:22+00:00;SocialFlow;17;3
97;Astronot yang kelak mendarat di Mars bisa bikin bangunan dari darah, keringat, hingga urinnya sendiri. https://t.co/r8zEj7zy5t;126;1605941283725385730;2022-12-22 15:00:13+00:00;SocialFlow;18;1
98;Jawaban dokter cukup mengejutkan kita semua yang didoktrin untuk tidak mengambil lagi makanan jatuh (asal ga di tan‚Ä¶ https://t.co/dqh5j1jMqd;140;1605926227562598401;2022-12-22 14:00:23+00:00;SocialFlow;5;1
99;"Di episode ""VICE Soundcheck"" kali ini, kita bakal membahas lima lagu Indonesia yang cocok buat ngedukung kalian saa‚Ä¶ https://t.co/ZVy7fcbEEc";140;1605895965097041922;2022-12-22 12:00:08+00:00;SocialFlow;4;2
100;Nilai jual kripto semakin ambruk di tengah maraknya skandal penipuan dan peretasan. Gimana kabar tech bro yang dulu‚Ä¶ https://t.co/F0ZZKzvRLV;140;1605850666177597443;2022-12-22 09:00:08+00:00;SocialFlow;51;11
101;Nilai jual kripto semakin ambruk di tengah maraknya skandal penipuan dan peretasan. Gimana kabar tech bro yang dulu‚Ä¶ https://t.co/oeCZ8R5V4k;140;1605843008200531971;2022-12-22 08:29:42+00:00;SocialFlow;2;2
102;Koleksi foto ini diterbitkan dalam rangka mencari fotografer terbaik yang mengabadikan Northern Lights setiap tahun‚Ä¶ https://t.co/IPPHfYu52R;140;1605820468937871361;2022-12-22 07:00:09+00:00;SocialFlow;4;0
103;Meski dianggap punya hak-hak ‚Äòistimewa‚Äô, nyatanya tidak semua anggota polisi betah dengan pekerjaannya.‚Ä¶ https://t.co/fYlRJCb8aY;128;1605805359180009472;2022-12-22 06:00:06+00:00;SocialFlow;897;140
104;Terbiasa buang makanan karena mengira tanggal kedaluwarsa kadung lewat adalah hal mubazir yang jarang kita sadari k‚Ä¶ https://t.co/VXQDcu7h8j;140;1605790297270767616;2022-12-22 05:00:15+00:00;SocialFlow;18;7
105;Iklan anti film bajakan yang lebay membuat pesannya tak tersampaikan kepada para penonton, dan dapat memperburuk ka‚Ä¶ https://t.co/I2V49io1qJ;140;1605760117689012225;2022-12-22 03:00:20+00:00;SocialFlow;3;1
106;Tanggalnya bagus nih.;21;1605699754662436865;2022-12-21 23:00:28+00:00;SocialFlow;53;19
107;Acara TV tahun 2000an apa yang paling kamu kangenin?;52;1605594063058747392;2022-12-21 16:00:29+00:00;SocialFlow;124;20
108;Kami bertanya pada anak-anak yang besar di pertengahan 2000-an, tentang kegiatan luang, film, sampai musik apa yang‚Ä¶ https://t.co/2cqnrCt0G4;140;1605578939749093377;2022-12-21 15:00:24+00:00;SocialFlow;30;10
109;Membuat daftar aktivitas yang bikin aku semangat lebih efektif mengurangi kecemasanku setelah tahun baru. https://t.co/frgaLH7kW2;129;1605563850153238530;2022-12-21 14:00:26+00:00;SocialFlow;16;6
110;‚ÄúHidup saya baru lengkap setelah membuat orang tertawa ketika melihat tulisan di batu nisan,‚Äù kata narasumber yang‚Ä¶ https://t.co/Gx7F0jhgiC;139;1605533586630770689;2022-12-21 12:00:11+00:00;SocialFlow;70;8
111;‚ÄúHidup saya baru lengkap setelah membuat orang tertawa ketika melihat tulisan di batu nisan,‚Äù kata narasumber yang‚Ä¶ https://t.co/0hJVWou5V2;139;1605511147477766144;2022-12-21 10:31:01+00:00;SocialFlow;10;2
112;Menyusul kabar sakitnya Putri Raja Thailand, publik mulai berspekulasi siapa yang akan mewarisi takhta Negeri Gajah‚Ä¶ https://t.co/xWdAy7x0sB;140;1605488283630313472;2022-12-21 09:00:10+00:00;SocialFlow;45;6
113;Menyusul kabar sakitnya Putri Raja Thailand, publik mulai berspekulasi siapa yang akan mewarisi takhta Negeri Gajah‚Ä¶ https://t.co/JYQNVoKbXX;140;1605479945756631040;2022-12-21 08:27:02+00:00;SocialFlow;13;2
114;"Kim Yo-jong menyamakan para pengamat internasional yang mengkritik satelit mata-mata ciptaan Korea Utara sebagai ""a‚Ä¶ https://t.co/Qia8LaQMLQ";140;1605465576788328448;2022-12-21 07:29:56+00:00;SocialFlow;22;3
115;Terinspirasi Bj√∂rk dengan modal fruit loops di PC, HMGNC berkembang jadi grup elektronik ternama Indonesia. Merayak‚Ä¶ https://t.co/L8MiWoBOxK;140;1605442979304538113;2022-12-21 06:00:08+00:00;SocialFlow;53;10
116;Kenapa kita tidak boleh menyapu dan tidur semalaman saat imlek? Berikut alasan adanya keyakinan macam itu. https://t.co/9gWfBxEjJk;130;1605427916803801090;2022-12-21 05:00:17+00:00;SocialFlow;5;1
117;Menurut psikolog, idealnya perayaan ultah harus dari kemauan sosok yang berulang tahun. Ketika perayaan ultah karen‚Ä¶ https://t.co/Di7AHnpZq7;140;1605397741185687552;2022-12-21 03:00:23+00:00;SocialFlow;18;8
118;Tahun baru nanti rencana ngapain?;33;1605231645451223042;2022-12-20 16:00:22+00:00;SocialFlow;25;0
119;Berendam merupakan cara hewan pengerat mirip marmut ini memperoleh kehangatan selama musim dingin di Jepang. https://t.co/KTyo9i9TfJ;132;1605216653272293376;2022-12-20 15:00:48+00:00;SocialFlow;14;2
120;Dukun bisa melakukan berbagai hal, tapi tak banyak (yang mengaku) lihai menemukan benda pusaka seperti Mismanjaya.‚Ä¶ https://t.co/0UtQMuuy9B;139;1605201435804721152;2022-12-20 14:00:20+00:00;SocialFlow;8;0
121;Korban pelecehan seksual di Universitas Gunadarma mencabut laporan. Namun giliran terduga pelaku, yang sebelumnya v‚Ä¶ https://t.co/yJtlGOrBJ5;140;1605171197293068290;2022-12-20 12:00:10+00:00;SocialFlow;1043;140
122;Presiden Liberia George Weah tak ngantor nyaris dua bulan alasannya kunker ke luar negeri. Namun dia kepergok menon‚Ä¶ https://t.co/SmX8ZR81Iu;140;1605156097337204742;2022-12-20 11:00:10+00:00;SocialFlow;12;2
123;Berbeda dari ghosting, pasangan yang melakukan ‚Äúquiet dumping‚Äù masih muncul dalam hidupmu, tapi mereka tidak serius‚Ä¶ https://t.co/VVBJSnygsi;140;1605140978159046657;2022-12-20 10:00:05+00:00;SocialFlow;4;0
124;Apasih rasanya menikahi rice cooker? Kami ngobrol bareng Khoirul Anam untuk mencari tahu pengalamannya menjalani hu‚Ä¶ https://t.co/riSchFVhU6;140;1605125877330857984;2022-12-20 09:00:05+00:00;SocialFlow;48;10
125;Berikut ini mengandung satu fakta mengenai admin Twitter VICE Indonesia. Coba tebak yang mana...;96;1605105162313682949;2022-12-20 07:37:46+00:00;Twitter Web App;3;0
126;Kalian mungkin membayangkan Neanderthal dan Homo sapiens awal cuma makan daging mentah. Tapi dari analisis bukti pe‚Ä¶ https://t.co/WPawTY9ifQ;140;1605080596597850114;2022-12-20 06:00:09+00:00;SocialFlow;105;14
127;Pemerintah Meksiko melelang murah rumah mewah milik petinggi kartel yang mati atau dipenjara. Contohnya, vila mendi‚Ä¶ https://t.co/xKVxWuIukC;140;1605065513813565446;2022-12-20 05:00:13+00:00;SocialFlow;23;1
128;Banyak orang percaya menekan bagian tubuh tertentu bisa redakan stres. Siapa sangka, ada seni akupresur diklaim bik‚Ä¶ https://t.co/hS5bFa3jca;140;1605035337188839426;2022-12-20 03:00:19+00:00;SocialFlow;57;4
129;Kemarin kebagian tiket Arctic Monkeys ga?;41;1604974916524249088;2022-12-19 23:00:13+00:00;SocialFlow;15;1
130;Haiiii gimana weekend-nya? üòó;28;1604869263247933442;2022-12-19 16:00:24+00:00;SocialFlow;16;0
131;Bobby M√ºller meyakini hidup hewan juga perlu dihargai, sehingga dia membunuh mereka setenang dan secepat mungkin. https://t.co/syoF0LsVWL;137;1604854145114046465;2022-12-19 15:00:19+00:00;SocialFlow;50;3
132;Komplotan maling itu sukses melancarkan aksinya dalam tiga menit saja. Agaknya memang butuh ninja yang sejago ini u‚Ä¶ https://t.co/7BS2HoZLbF;140;1604839047100334080;2022-12-19 14:00:19+00:00;SocialFlow;10;1
133;Satu orang tewas sementara 11 luka-luka dalam insiden tarik tambang dengan ribuan peserta yang digelar IKA Universi‚Ä¶ https://t.co/N9hGLcSsaa;140;1604808790171344897;2022-12-19 12:00:06+00:00;SocialFlow;63;8
134;Satu orang tewas sementara 11 luka-luka dalam insiden tarik tambang dengan ribuan peserta yang digelar IKA Universi‚Ä¶ https://t.co/Ke7IHhG5OY;140;1604800125792026628;2022-12-19 11:25:40+00:00;SocialFlow;20;3
135;Contohnya Liberia, negara itu sudah melarang sunat perempuan selama tiga tahun, tapi masih banyak kepala adat memak‚Ä¶ https://t.co/7Qn6COor1Z;140;1604763528233209859;2022-12-19 09:00:14+00:00;SocialFlow;47;7
136;Ratusan motif kuno raksasa berjuluk Garis Nazca ini menggambarkan manusia, burung, orca hingga kucing. Siapa masyar‚Ä¶ https://t.co/1TaKQzOslw;140;1604748453724278785;2022-12-19 08:00:20+00:00;SocialFlow;5;0
137;Contohnya Liberia, negara itu sudah melarang sunat perempuan selama tiga tahun, tapi masih banyak kepala adat memak‚Ä¶ https://t.co/AtiiwQ9KuP;140;1604735566125453315;2022-12-19 07:09:08+00:00;SocialFlow;10;1
138;Tak perlu kaget bila banyak Gen Z sudah jadi ortu, angkatan tertuanya aja berusia 27 tahun. Apa saja pola parenting‚Ä¶ https://t.co/eD9uX4Uzvu;140;1604703129655812096;2022-12-19 05:00:14+00:00;SocialFlow;35;12
139;Gangguan belajar ini dialami banyak anak, tapi sering diabaikan di berbagai tingkatan sistem pendidikan Tiongkok. https://t.co/VxgV0rsl4y;137;1604672928569872386;2022-12-19 03:00:14+00:00;SocialFlow;35;7
140;Daniella Chavez, dulunya model Majalah Playboy, meraup dana besar beberapa pekan saja di OnlyFans agar klub bola ko‚Ä¶ https://t.co/1Mi3v0Pc1j;140;1604491920759087104;2022-12-18 15:00:58+00:00;SocialFlow;9;1
141;Tradisi nusantara amat terobsesi pada ritual kematian. Setelah sekian tahun dikaji sambil lalu, akhirnya museum etn‚Ä¶ https://t.co/zEAOhJW7PU;140;1604476696987516930;2022-12-18 14:00:28+00:00;SocialFlow;28;6
142;Korea Selatan punya tradisi menghasilkan film-film bagus. 'Parasite' hanya contoh terbarunya. Tertarik mendalami si‚Ä¶ https://t.co/SsDum7dCh6;140;1604446442248146945;2022-12-18 12:00:15+00:00;SocialFlow;65;14
143;"Tren seleb di Indonesia beramai-ramai membeli klub sepakbola memicu pertanyaan: ""apakah industri bola lokal mulai s‚Ä¶ https://t.co/zzWi6wmZbn";140;1604431349921861632;2022-12-18 11:00:17+00:00;SocialFlow;8;3
144;Bahkan dari masa 11 ribu tahun lalu, manusia kayaknya sudah suka bikin cerita dewasa. Relief cowok pegang penis ini‚Ä¶ https://t.co/43UMPBhyyi;140;1604416212686995457;2022-12-18 10:00:08+00:00;SocialFlow;63;10
145;Perburuan sosok diduga memiliki ilmu hitam masih lazim dilakukan di pedesaan, walau dilarang hukum. Kami ngobrol de‚Ä¶ https://t.co/5GgZRX9EdE;140;1604401140803796992;2022-12-18 09:00:14+00:00;SocialFlow;8;1
146;Saya yang kaum rebahan merasa cupu kenalan lewat aplikasi. Pandangan saya berubah berkat tips suhu-suhu aplikasi ke‚Ä¶ https://t.co/3PyZqZ5L4g;140;1604370938593775616;2022-12-18 07:00:14+00:00;SocialFlow;12;0
147;Brasil tersingkir dari Qatar, tapi penduduk Lyari bakal selalu jadi 'si paling Brasil' selama Piala Dunia. ‚ÄúPerawak‚Ä¶ https://t.co/OUBjXpE8IR;140;1604355872607682565;2022-12-18 06:00:22+00:00;SocialFlow;13;0
148;Membasmi kucing liar diyakini satu-satunya solusi melindungi spesies iguana langka di surga pajak Kepulauan Cayman.‚Ä¶ https://t.co/kQMTTj7rMd;140;1604355843423670272;2022-12-18 06:00:15+00:00;SocialFlow;112;15
149;Proyek Raphael Truffi Bortholuzzi bernama Granmondo ini luar biasa detail. Simak foto-foto miniatur buatannya di ar‚Ä¶ https://t.co/yN6jEFmz9e;140;1604340734383071232;2022-12-18 05:00:12+00:00;SocialFlow;19;3
150;Setelah semua cowok 'korbannya' ngumpul di lokasi yang sama, si cewek langsung menggelar kompetisi ala ‚ÄòHunger Game‚Ä¶ https://t.co/fMbc9M7E87;140;1604310554004393984;2022-12-18 03:00:17+00:00;SocialFlow;70;17
151;Penderita trigeminal neuralgia merasa seperti wajahnya ditusuk besi panas. https://t.co/Cky6rXu91i;98;1604129532772065280;2022-12-17 15:00:58+00:00;SocialFlow;12;1
152;Rekaman suara cerita erotis dikatakan bisa menenangkan pikiran gelisah. Selain itu, skenarionya lebih menarik. https://t.co/98xufxCR4G;134;1604114281464741892;2022-12-17 14:00:22+00:00;SocialFlow;39;4
153;Terobosan teknologi ini kayak plot film 'Eternal Sunshine of Spotless Mind', tapi yang diubah ingatan siput. https://t.co/kHnWC3FmCS;132;1604084063337422849;2022-12-17 12:00:17+00:00;SocialFlow;9;1
154;Menonton Radiohead manggung adalah salah satu cara memahami misteri-misteri menyelimuti ini. https://t.co/Fybln2GwZT;116;1604068997523279873;2022-12-17 11:00:25+00:00;SocialFlow;283;106
155;Orang yang terlilit utang cenderung impulsif karena stres, yang dapat memperparah masalah keuangan mereka. Maka pen‚Ä¶ https://t.co/aIMS0CBF4H;140;1604053852709392385;2022-12-17 10:00:15+00:00;SocialFlow;71;21
156;Gugatan ini dilayangkan ke Partai Garuda yang lolos pemilu 2024. Bawaslu sebut lebih dari 20 ribu identitas warga d‚Ä¶ https://t.co/OFIdwluQzN;140;1604038768612229121;2022-12-17 09:00:18+00:00;SocialFlow;209;55
157;Penulis Luc Sante mengenang bagaimana berartinya skena musik New York pada dekade 1970an, betapa kita harus berteri‚Ä¶ https://t.co/2KYTrmUtvW;140;1604023650277113856;2022-12-17 08:00:14+00:00;SocialFlow;55;10
158;Siswa asal Kanada ini cuma pengin ndengerin musik pas garap soal. Inspirasi bagi pelajar lain seluruh dunia. https://t.co/fgqGyDsxvB;132;1604008555467735041;2022-12-17 07:00:15+00:00;SocialFlow;79;10
159;Kok ada yang mau beli mahal lukisan kayak gitu ya? Kami pun ngobrol sama sang pelukis, Chriss Mann, yang biasa meng‚Ä¶ https://t.co/OFRQA57EfZ;140;1603978353379246080;2022-12-17 05:00:14+00:00;SocialFlow;5;1
160;Dia berhasil menggondol uang tunai yang totalnya puluhan ribu Shekel, sebelum ketahuan mencuri bermodalkan alpukat‚Ä¶ https://t.co/qGtTAQDubt;139;1603948138405978113;2022-12-17 03:00:10+00:00;SocialFlow;37;8
161;Happy birthday to Krysten Ritter ü´°ü´°ü´°ü´°;37;1603782087550582787;2022-12-16 16:00:21+00:00;SocialFlow;19;6
162;Hasil tinjauan ilmiah menyimpulkan hewan laut macam gurita dan udang juga dapat merasakan sakit. Alhasil, binatang‚Ä¶ https://t.co/YuUomj00oM;139;1603767128401887232;2022-12-16 15:00:54+00:00;SocialFlow;30;7
163;Problemnya perasaan negatif, seperti sedih, marah, atau takut, lebih cepat menular dibanding perasaan positif. https://t.co/CQ15eYpa9O;134;1603751900783976450;2022-12-16 14:00:24+00:00;SocialFlow;18;7
164;Bawaslu sebut 20 ribu identitas warga dicatut parpol, termasuk kasus melibatkan Partai Garuda di Banyumas ini. Siap‚Ä¶ https://t.co/xOO9BEr0QY;140;1603751777467527169;2022-12-16 13:59:54+00:00;Twitter Web App;36;5
165;‚ÄúPornografi itu candu‚Äù merupakan konsep baru yang muncul setelah adanya internet. Ternyata komunitas psikolog belum‚Ä¶ https://t.co/nGpdVijC2v;140;1603721619645538306;2022-12-16 12:00:04+00:00;SocialFlow;86;12
166;Kroni presiden Suriah Bashar al-Assad turun tangan dalam produksi dan penyelundupan obat sintetis captagon. Industr‚Ä¶ https://t.co/PUMmmX5Koi;140;1603721168837558273;2022-12-16 11:58:17+00:00;SocialFlow;46;8
167;Gimana sih rasanya adulting sebagai transpuan? Atau rasanya menikah sama rice cooker? Kita juga gak tau. Tapi tenan‚Ä¶ https://t.co/6lj32UgKtI;140;1603691429502525441;2022-12-16 10:00:06+00:00;SocialFlow;43;6
168;Aku sering dicap pemalas oleh guru, padahal aslinya aku susah fokus karena belajar di sekolah membosankan. Aku baru‚Ä¶ https://t.co/HSp2QTg538;140;1603676362446966787;2022-12-16 09:00:14+00:00;SocialFlow;49;12
169;Seorang warga Amerika Serikat diduga kuat sebagai pelaku pembunuhan tiga perempuan di Meksiko. Polisi masih melacak‚Ä¶ https://t.co/3I8VydXPI9;140;1603661236004159488;2022-12-16 08:00:07+00:00;SocialFlow;10;0
170;Iptu Umbaran Wibowo diangkat kapolsek padahal jadi jurnalis 14 tahun mengejutkan rekan wartawan Jateng. Beberapa pe‚Ä¶ https://t.co/jceTMCLHiX;140;1603631051569520641;2022-12-16 06:00:11+00:00;SocialFlow;57;14
171;Sebagai remaja yang besar di Indonesia, kenapa dia mengidolakan ikon fasisme Jerman itu? Dia ngerti ga sih Hitler d‚Ä¶ https://t.co/2QOMcpi2vT;140;1603615973281497091;2022-12-16 05:00:16+00:00;SocialFlow;50;14
172;Berselang setahun usai penggusuran, bekas komplek pelacuran kumuh DKI Jakarta itu menjadi ruang publik ramai, berka‚Ä¶ https://t.co/EUpwhbYdPY;140;1603585792105922565;2022-12-16 03:00:20+00:00;SocialFlow;13;5
173;Kasih rekomendasi lagu yang bikin adem dong;43;1603525418413428739;2022-12-15 23:00:26+00:00;SocialFlow;104;9
174;Katanya, bulu mata manusia punya jangka hidup yang lamanya sekitar 3 sampai 6 bulan pada rata-ratanya. Kalo hubungan kamu sama ...?;131;1603419702637826048;2022-12-15 16:00:21+00:00;SocialFlow;12;2
175;Rendaman pakain dalam mengandung narkoba menjadi salah satu penyebab naiknya kasus overdosis obat penghuni penjara‚Ä¶ https://t.co/fw2LRA871V;139;1603404599662198786;2022-12-15 15:00:21+00:00;SocialFlow;14;0
176;Banyak anak muda di Yogya membuat sari salak dan buah-buahan lain. Miras ini alternatif yang lebih aman daripada me‚Ä¶ https://t.co/b8sSQ2fxLS;140;1603389554534162433;2022-12-15 14:00:33+00:00;SocialFlow;69;21
177;Iptu Umbaran Wibowo diangkat kapolsek padahal jadi jurnalis 14 tahun mengejutkan rekan wartawan Jateng. Beberapa pe‚Ä¶ https://t.co/Vx7zFVKSAF;140;1603373786145124352;2022-12-15 12:57:54+00:00;Twitter for iPhone;66;12
178;Intel ga cuma jadi tukang bakso. Penyamaran terkuak setelah dinas selesai macam Iptu Umbaran Wibowo beberapa kali t‚Ä¶ https://t.co/30u6r0rzPI;140;1603373140926660609;2022-12-15 12:55:20+00:00;Twitter Web App;35;12
179;Bosen dengan konsep desain kamar minimalis yang gitu-gitu aja? Seniman nyeleneh Khoirul Anam menawarkan tampilan se‚Ä¶ https://t.co/X9FPcOgeCd;140;1603359290538037249;2022-12-15 12:00:18+00:00;SocialFlow;71;17
180;Brasil tersingkir dari Qatar, tapi penduduk Lyari bakal selalu jadi 'si paling Brasil' selama Piala Dunia. ‚ÄúPerawak‚Ä¶ https://t.co/XPq5FBAvwT;140;1603329859069042688;2022-12-15 10:03:21+00:00;SocialFlow;9;1
181;Let‚Äôs take a deeepr look at music! Ditemenin sama host kita Basboi, bareng-bareng kita kulik dunia musik Indonesia.‚Ä¶ https://t.co/GeI73jEIFc;140;1603313926816530438;2022-12-15 09:00:02+00:00;SocialFlow;5;0
182;Polisi di Maharashtra berhasil melacak keberadaan tersangka pembunuhan yang sudah puluhan tahun bersembunyi, berkat‚Ä¶ https://t.co/VWQG0zUFMC;140;1603283736430362624;2022-12-15 07:00:04+00:00;SocialFlow;42;3
183;Pelaku masih buron setelah video massa suruhannya menyeret perempuan viral. Serangan pada perempuan yang menolak di‚Ä¶ https://t.co/Cc4a5Fj3Jl;140;1603268651712495616;2022-12-15 06:00:08+00:00;SocialFlow;156;25
184;Selain makan berantakan, kenalan Tinder bisa ilfil kalau kamu pelit dan bersikap enggak sopan sama pelayan restoran. https://t.co/zhBjK2bMqJ;140;1603253570429648899;2022-12-15 05:00:12+00:00;SocialFlow;4;1
185;Dipandu pakar kuliner William Wongso, VICE mengulik alasan yang bikin orang Indonesia tega menggoreng kol, brokoli,‚Ä¶ https://t.co/zXO0TSDflY;140;1603223405335121923;2022-12-15 03:00:20+00:00;SocialFlow;76;17
186;Pagiiiiiiiiiiii. Sarapan apa yaaaaa;35;1603163016169754624;2022-12-14 23:00:23+00:00;SocialFlow;26;2
187;"Pernah dengar istilah ""mindfullness""?";37;1603057334258917377;2022-12-14 16:00:26+00:00;SocialFlow;29;5
188;Ingat, orang tidak akan marah hanya karena kamu menolak permintaan mereka. Jika ternyata temanmu malah menjauh, itu‚Ä¶ https://t.co/gXppLyu4Nt;140;1603042242696036354;2022-12-14 15:00:28+00:00;SocialFlow;47;9
189;Limbah kain pabrik tekstil termasuk penyumbang sampah laut di Indonesia. Warga Cigondewah meniup napas baru bagi ul‚Ä¶ https://t.co/1TpR6xRXc0;140;1603027141637115906;2022-12-14 14:00:28+00:00;SocialFlow;15;7
190;Sesama anggota parlemen tiba-tiba memeluk badan Carla Ayres dan hendak menciumnya, padahal saat itu rapat masih ber‚Ä¶ https://t.co/ZgeOCIrgKe;140;1602996871647186945;2022-12-14 12:00:11+00:00;SocialFlow;50;6
191;Kalian mungkin membayangkan Neanderthal dan Homo sapiens awal cuma makan daging mentah. Tapi dari analisis bukti pe‚Ä¶ https://t.co/gkX9Jc3d8R;140;1602966664282341377;2022-12-14 10:00:09+00:00;SocialFlow;31;4
192;Benarkah orang-orang sudah malas berselancar di dunia maya? Itukah sebabnya banyak dari mereka meninggalkan Twitter‚Ä¶ https://t.co/BGDcMPQN0l;140;1602951593036550144;2022-12-14 09:00:15+00:00;SocialFlow;138;37
193;Bahkan dari masa 11 ribu tahun lalu, manusia kayaknya sudah suka bikin cerita dewasa. Relief cowok pegang penis ini‚Ä¶ https://t.co/4ynOZUtpha;140;1602936467814326273;2022-12-14 08:00:09+00:00;SocialFlow;11;3
194;Orang yang terlilit utang cenderung impulsif karena stres, yang dapat memperparah masalah keuangan mereka. Maka pen‚Ä¶ https://t.co/MzvBvuLobc;140;1602921405439479808;2022-12-14 07:00:18+00:00;SocialFlow;19;5
195;Di seri podcast ini, kalian bakal dapat rekomendasi playlist yang sudah dikurasi oleh redaksi VICE Indonesia. Apapu‚Ä¶ https://t.co/oCcYPioXdX;140;1602906251461099521;2022-12-14 06:00:05+00:00;SocialFlow;3;0
196;Bayangkan melihat krim gula melingkar di atas kue. Buatku, tayangan semacam itu memberi sensasi mirip meditasi. https://t.co/eWgl8c9xZV;135;1602891191032451078;2022-12-14 05:00:14+00:00;SocialFlow;9;3
197;Saat ada orang berkata ‚Äúrasanya ingin menghilang‚Äù, mereka biasanya sedang tidak baik-baik saja dan membutuhkan duku‚Ä¶ https://t.co/4s0ifOfOON;140;1602860989610860544;2022-12-14 03:00:14+00:00;SocialFlow;78;23
198;Selamat hari Rabu üßò‚Äç‚ôÇÔ∏è;22;1602800627934961668;2022-12-13 23:00:22+00:00;SocialFlow;25;5
199;Sudah dengar album barunya SZA belum? Jangan sambil ngomel-ngomel ya ü´¢;70;1602694930287165442;2022-12-13 16:00:22+00:00;SocialFlow;26;2
